key,name,source
pfizer,Pfizer,pfizer.svg
nestle,Nestlé,nestle.svg
santander,Santander,santander.svg
basf,BASF,basf.svg
komatsu,Komatsu,komatsu.svg
adams,Adams,adams.png
garoto,Chocolates Garoto,garoto.svg
bombril,Bombril,bombril.svg
civ,CIV,civ.png
oi-glass,O-I,oi-glass.svg
cisper,Cisper,cisper.png
drogaria-sao-paulo,Drogaria São Paulo,drogaria-sao-paulo.svg
pacheco,Drogarias Pacheco,pacheco.svg
premierpet,PremieRpet,premierpet.png
grandfood,GrandFood,grandfood.png
socil,Socil,socil.png
manserv,Manserv,manserv.svg
simak,Simak Rent,simak.png
brascorp,Brascorp,brascorp.png
capodarte,Capodarte,capodarte.svg
dumond,Dumond,dumond.svg
paqueta,Paquetá,paqueta.png
lb,LB,lb.png
minea,Minea,minea.png
